"sku","product_name_in_store","vendor","price_found","source_url","notes"
"9169","פרוז'קטור לד מקצועי 600W כולל זרוע תלייה מתכוננת IP-65 גוון אור לבן FETAYA","פתיה","","",""
"9113","מסגרת הגבהה לכל סוגי הפנלים FETAYA","פתיה","","",""
"9092","גוף תאורה עגול לד ORI הספק 26W מוגן IP53 גוון אור קר FETAYA","פתיה","","",""
"9027","גוף תאורה מלבני לד RAVID התאמה לנורה 2XE-27/LED מוגן IP54 FETAYA","פתיה","","",""
"90285","גוף תאורה עגול לד ליאהל'ה עם כבל ומפסק התאמה לנורה E-27/LED מוגן IP23 FETAYA","פתיה","","",""
"90680B","גוף תאורה שבילית לד מלבני הספק 4.4W מוגן IP65 גוון אור חם בצבע בזלת FETAYA","פתיה","","",""
"9068B","גוף תאורה שבילית לד מלבני הספק 4.4W מוגן IP65 גוון אור קר בצבע בזלת FETAYA","פתיה","","",""
"90680G","גוף תאורה שבילית לד מלבני הספק 4.4W מוגן IP65 גוון אור חם בצבע אפור FETAYA","פתיה","","",""
"92095","גוף תאורה זוותי KEREN LED בצבע אפור גוון אור שתנה 3CCT FETAYA","פתיה","","",""
"9209","גוף תאורה זוותי KEREN LED בצבע אפור גוון אור קר FETAYA","פתיה","","",""
"92091","גוף תאורה זוותי KEREN LED בצבע אפור גוון אור טבעי FETAYA","פתיה","","",""
"9213","גוף תאורה זוותי KEREN LED בצבע בזלת גוון אור קר FETAYA","פתיה","","",""
"92121","גוף תאורה זוותי KEREN LED בצבע לבן גוון אור טבעי FETAYA","פתיה","","",""
"92131","גוף תאורה זוותי KEREN LED בצבע בזלת גוון אור טבעי FETAYA","פתיה","","",""
"92301","גוף תאורת לד זוויתי AURA בצבע אפור גוון אור טבעי FETAYA","פתיה","","",""
"92320","גוף תאורת לד זוויתי AURA בצבע בזלת גוון אור חם FETAYA","פתיה","","",""
"9232","גוף תאורת לד זוויתי AURA בצבע בזלת גוון אור קר FETAYA","א.נ. שילו בע""מ","","",""
"92311","גוף תאורת לד זוויתי AURA בצבע לבן גוון אור טבעי FETAYA","א.נ. שילו בע""מ","","",""
"92360","גוף תאורה לאמבטיה AGAM הספק 15W מוגן IP44 גוון אור חם FETAYA","פתיה","","",""
"92321","גוף תאורת לד זוויתי AURA בצבע בזלת גוון אור טבעי FETAYA","פתיה","","",""
"5601","שקע TV-FV YARDEN בצבע לבן FETAYA","פתיה","","",""
"5614","שקע מחשב RJ-45 YARDEN בצבע לבן FETAYA","פתיה","","",""
"5618","שקע כח P1M עם מאמ""ת- מחווט YARDEN בצבע לבן מתח/זרם 230V/16A FETAYA","פתיה","","",""
"56122","מפסק יחיד + מחליף YARDEN מוגן מים IP20 בצבע לבן מתח/זרם 230V/10A FETAYA","פתיה","","",""
"7775","שקע דו-פיני ANAIS בצבע לבן אופן התקנה תחת הטיח קופסה עגולה (55) מתח/זרם 230V/16A FETAYA","פתיה","","",""
"7766","שקע TV-FM ANAIS בצבע לבן אופן התקנה תחת הטיח קופסה עגולה (55) FETAYA","פתיה","","",""
"7782","מסגרת ANAIS צבע טיטניום FETAYA","פתיה","","",""
"5075","שקע דו פיני כפול SHOVAL בצבע לבן אופן התקנה תחת הטיח קופסה עגולה (55) מתח/זרם 230V/16A FETAYA","פתיה","","",""
"5503","מפסק מחליף SHOVAL בצבע לבן אופן התקנה תחת הטיח קופסה עגולה (55) מתח/זרם 250V/10A FETAYA","פתיה","","",""
"5502","מפסק יחיד SHOVAL בצבע לבן אופן התקנה תחת הטיח קופסה עגולה (55) מתח/זרם 250V/10A FETAYA","פתיה","","",""
"5504","מפסק כפול SHOVAL בצבע לבן אופן התקנה תחת הטיח קופסה עגולה (55) מתח/זרם 250V/10A FETAYA","פתיה","","",""
"5508","מפסק צלב SHOVAL בצבע לבן אופן התקנה תחת הטיח קופסה עגולה (55) מתח/זרם 250V/10A FETAYA","פתיה","","",""
"55082","מפסק צלב SHOVAL מוגן מים IP44 בצבע לבן אופן התקנה תחת הטיח קופסה עגולה (55) מתח/זרם 230V/10A FETAYA","פתיה","","",""
"5507","לחצן מדרגות לא מואר SHOVAL בצבע לבן אופן התקנה תחת הטיח קופסה עגולה (55) מתח/זרם 230V/16A FETAYA","פתיה","","",""
"5506","לחצן מדרגות מואר SHOVAL בצבע לבן אופן התקנה תחת הטיח קופסה עגולה (55) מתח/זרם 230V/16A FETAYA","פתיה","","",""
"5513","לחצן פעמון מואר SHOVAL בצבע לבן אופן התקנה תחת הטיח קופסה עגולה (55) מתח/זרם 230V/16A FETAYA","פתיה","","",""
"9515","שקע תקשורת בודד RJ-45 אופן התקנה תחת הטיח קופסה עגולה (55) FETAYA","פתיה","","https://www.fetaya.com/items/4056054-%D7%A9%D7%A7%D7%A2-%D7%AA%D7%A7%D7%A9%D7%95%D7%A8%D7%AA-%D7%91%D7%95%D7%93%D7%93-RJ-45-%D7%90%D7%95%D7%A4%D7%9F-%D7%94%D7%AA%D7%A7%D7%A0%D7%94-%D7%AA%D7%97%D7%AA-%D7%94%D7%98%D7%99%D7%97-%D7%A7%D7%95%D7%A4%D7%A1%D7%94-%D7%A2%D7%92%D7%95%D7%9C%D7%94-55-FETAYA",""
"9517","שקע תקשורת RJ-45 עם בז""ח יחיד אופן התקנה על/תחת הטיח FETAYA","פתיה","","https://www.fetaya.com/items/4056055-%D7%A9%D7%A7%D7%A2-%D7%AA%D7%A7%D7%A9%D7%95%D7%A8%D7%AA-RJ-45-%D7%A2%D7%9D-%D7%91%D7%96-%D7%97-%D7%99%D7%97%D7%99%D7%93-%D7%90%D7%95%D7%A4%D7%9F-%D7%94%D7%AA%D7%A7%D7%A0%D7%94-%D7%A2%D7%9C-%D7%AA%D7%97%D7%AA-%D7%94%D7%98%D7%99%D7%97-FETAYA",""
"5910","שקע כח ישראלי כולל תריס הגנה לקופסה מלבנית להתקנה במתאמים מודולריים 2 מודול FETAYA","פתיה","","",""
"92658","גוף תאורה לד עגול צמוד תקרה DISC קוטר 300 הספק 24W אור טבעי FETAYA","פתיה","","",""
"92558","גוף תאורה לד עגול צמוד תקרה DISC קוטר 300 הספק 24W אור חם FETAYA","פתיה","","",""
"92458","גוף תאורה לד עגול צמוד תקרה DISC קוטר 300 הספק 24W אור קר FETAYA","פתיה","","",""
"92644","גוף תאורה לד מרובע שקוע DISC מידות 300/300 הספק 24W אור טבעי FETAYA","פתיה","","",""
"92544","גוף תאורה לד מרובע שקוע DISC מידות 300/300 הספק 24W אור חם FETAYA","פתיה","","",""
"92444","גוף תאורה לד מרובע שקוע DISC מידות 300/300 הספק 24W אור קר FETAYA","פתיה","","",""
"92648","גוף תאורה לד מרובע צמוד תקרה DISC מידות 300/300 הספק 24W אור טבעי FETAYA","פתיה","","",""
"92548","גוף תאורה לד מרובע צמוד תקרה DISC מידות 300/300 הספק 24W אור חם FETAYA","פתיה","","",""
"92448","גוף תאורה לד מרובע צמוד תקרה DISC מידות 300/300 הספק 24W אור קר FETAYA","פתיה","","",""
"92459","גוף תאורה לד עגול שקוע מתכוונן VIEW 360 7W אור קר FETAYA","פתיה","","",""
"92450","גוף תאורה לד עגול שקוע DISC קוטר 90 הספק 3W אור קר FETAYA","פתיה","","",""
"92650","גוף תאורה לד עגול שקוע DISC קוטר 90 הספק 3W אור טבעי FETAYA","פתיה","","",""
"92550","גוף תאורה לד עגול שקוע DISC קוטר 90 הספק 3W אור חם FETAYA","פתיה","","",""
"92559","גוף תאורה לד עגול שקוע מתכוונן VIEW 360 7W אור חם FETAYA","פתיה","","",""
"92651","גוף תאורה לד עגול שקוע DISC קוטר 120 הספק 6W אור טבעי FETAYA","פתיה","","",""
"92551","גוף תאורה לד עגול שקוע DISC קוטר 120 הספק 6W אור חם FETAYA","פתיה","","",""
"92451","גוף תאורה לד עגול שקוע DISC קוטר 120 הספק 6W אור קר FETAYA","פתיה","","",""
"92656","גוף תאורה לד עגול צמוד תקרה DISC קוטר 170 הספק 12W אור טבעי FETAYA","פתיה","","",""
"92556","גוף תאורה לד עגול צמוד תקרה DISC קוטר 170 הספק 12W אור חם FETAYA","פתיה","","",""
"92456","גוף תאורה לד עגול צמוד תקרה DISC קוטר 170 הספק 12W אור קר FETAYA","פתיה","","",""
"92657","גוף תאורה לד עגול צמוד תקרה DISC קוטר 225 הספק 18W אור טבעי FETAYA","פתיה","","",""
"92557","גוף תאורה לד עגול צמוד תקרה DISC קוטר 225 הספק 18W אור חם FETAYA","פתיה","","",""
"92457","גוף תאורה לד עגול צמוד תקרה DISC קוטר 225 הספק 18W אור קר FETAYA","פתיה","","",""
"92640","גוף תאורה לד מרובע שקוע DISC מידות 86/86 הספק 3W אור טבעי FETAYA","פתיה","","",""
"92540","גוף תאורה לד מרובע שקוע DISC מידות 86/86 הספק 3W אור חם FETAYA","פתיה","","",""
"92440","גוף תאורה לד מרובע שקוע DISC מידות 86/86 הספק 3W אור קר FETAYA","פתיה","","",""
"92641","גוף תאורה לד מרובע שקוע DISC מידות 120/120 הספק 6W אור טבעי FETAYA","פתיה","","",""
"92541","גוף תאורה לד מרובע שקוע DISC מידות 120/120 הספק 6W אור חם FETAYA","פתיה","","",""
"92441","גוף תאורה לד מרובע שקוע DISC מידות 120/120 הספק 6W אור קר FETAYA","פתיה","","",""
"92642","גוף תאורה לד מרובע שקוע DISC מידות 170/170 הספק 12W אור טבעי FETAYA","פתיה","","",""
"92542","גוף תאורה לד מרובע שקוע DISC מידות 170/170 הספק 12W אור חם FETAYA","פתיה","","",""
"92442","גוף תאורה לד מרובע שקוע DISC מידות 170/170 הספק 12W אור קר FETAYA","פתיה","","",""
"92643","גוף תאורה לד מרובע שקוע DISC מידות 225/225 הספק 18W אור טבעי FETAYA","פתיה","","",""
"92543","גוף תאורה לד מרובע שקוע DISC מידות 225/225 הספק 18W אור חם FETAYA","פתיה","","",""
"92443","גוף תאורה לד מרובע שקוע DISC מידות 225/225 הספק 18W אור קר FETAYA","פתיה","","",""
"92647","גוף תאורה לד מרובע צמוד תקרה DISC מידות 225/225 הספק 18W אור טבעי FETAYA","פתיה","","",""
"92547","גוף תאורה לד מרובע צמוד תקרה DISC מידות 225/225 הספק 18W אור חם FETAYA","פתיה","","",""
"92447","גוף תאורה לד מרובע צמוד תקרה DISC מידות 225/225 הספק 18W אור קר FETAYA","פתיה","","",""
"92564","גוף תאורה פרבולי לד BACK LIGHT 36W אור חם FETAYA","פתיה","","",""
"92569","גוף תאורה פרבולי לד BACK LIGHT 40W אור טבעי FETAYA","פתיה","","",""
"9550","בית מנורה LIRI הספק 100W FETAYA","פתיה","","",""
"9014","בית מנורה חרסינה הספק 100W FETAYA","פתיה","","",""
"9013","בית מנורה חרסינה עם רגל הספק 100W FETAYA","פתיה","","",""
"9054","גוף תאורה צמוד תקרה דקורטיבי MELROSE צבע גוף לבן FETAYA","פתיה","","",""
"9243","תושבת לגוף תאורה שלט יציאת חירום NEPTUNE לתקרה חלולה FETAYA","פתיה","","",""
"9242","סט 4 יחידות פקטוגרמה לשלט יציאה NEPTUNE - אגלית FETAYA","פתיה","","",""
"9134","גוף תאורה פעמון לד 200W MOR גוון 50K FETAYA","פתיה","","",""
"9158","מנורת לילה לד פוטוצל הספק 1Wצבע עדשה שקוף גוון אור קר FETAYA","פתיה","","",""